{
    "details": {
        "status": 200,
        "url": "https://strongmotioncenter.org/testuser/wserv2/records/query?email=cchern%40berkeley.edu&rettype=dataset&download=P&groupby=event&abandoned=false&stcode=CE89324&orderby=epidist-asc&nodata=404"
    },
    "count": 27,
    "results": {
        "events": [
            {
                "id": "NC72086051",
                "cesmd_id": "Bayview_11Oct2013_72086051",
                "mag": 4.9,
                "longitude": -124.75,
                "latitude": 40.984,
                "depth": 8.7,
                "place": "53.0 km (33.0 mi) WNW of Bayview, CA ",
                "time": "2013-10-11 23:05:38",
                "state": "CA",
                "country": "US",
                "detail": "4.9ML, 16:05:38 PM PDT, 40.98N 124.75W Depth  8.7 km",
                "net": "NC",
                "magType": "ML",
                "faultType": "SS",
                "type": "earthquake",
                "title": "Bayview Earthquake of 11 Oct 2013",
                "stations": [
                    {
                        "code": "89324",
                        "network": "CE",
                        "status": "Active",
                        "channels": 17,
                        "recorder_type": "V",
                        "numRecorders": 1,
                        "name": "Rio Dell - Hwy 101/Painter St. Overpass",
                        "location": "RioDel-PaintStBr",
                        "longitude": -124.1009,
                        "latitude": 40.5031,
                        "elevation": "43",
                        "type": "Bridge",
                        "Vs30": 312,
                        "siteclass": "D",
                        "record": {
                            "epidist": 75.2,
                            "pgav1": null,
                            "pgav2": null,
                            "pga_str": 0.09,
                            "pgv": null,
                            "pgd": null,
                            "sa03": null,
                            "sa10": null,
                            "sa30": null,
                            "fault_dist": null,
                            "data_availability": {
                                "plot": "true",
                                "processed": "true",
                                "raw": "true"
                            }
                        }
                    }
                ]
            },
            {
                "id": "NC88509",
                "cesmd_id": "CapeMendocinoAftershock_21Nov1986",
                "mag": 5.1,
                "longitude": -124.398,
                "latitude": 40.359,
                "depth": 16,
                "place": "5.3 mi S of Cape Mendocino, CA",
                "time": "1986-11-21 23:34:18",
                "state": "CA",
                "country": "US",
                "detail": "5.1ML, 15:34:18 PST,  40.36N 124.40W Depth 16.0 km",
                "net": "NC",
                "magType": "ML",
                "faultType": "",
                "type": "earthquake",
                "title": "Cape Mendocino  Aftershock of 21 Nov 1986",
                "stations": [
                    {
                        "code": "89324",
                        "network": "CE",
                        "status": "Active",
                        "channels": 17,
                        "recorder_type": "V",
                        "numRecorders": 1,
                        "name": "Rio Dell - Hwy 101/Painter St. Overpass",
                        "location": "RioDel-PaintStBr",
                        "longitude": -124.1009,
                        "latitude": 40.5031,
                        "elevation": "43",
                        "type": "Bridge",
                        "Vs30": 312,
                        "siteclass": "D",
                        "record": {
                            "epidist": 29.9,
                            "pgav1": null,
                            "pgav2": 0.143,
                            "pga_str": 0.35,
                            "pgv": 7.45,
                            "pgd": 0.7,
                            "sa03": null,
                            "sa10": null,
                            "sa30": null,
                            "fault_dist": null,
                            "data_availability": {
                                "plot": "true",
                                "processed": "true",
                                "raw": "false"
                            }
                        }
                    }
                ]
            },
            {
                "id": "NC88508",
                "cesmd_id": "CapeMendocino_21Nov1986",
                "mag": 5.1,
                "longitude": -124.406,
                "latitude": 40.361,
                "depth": 16,
                "place": "5.3 mi S of Cape Mendocino, CA",
                "time": "1986-11-21 23:33:01",
                "state": "CA",
                "country": "US",
                "detail": "5.1ML, 15:33:01 PST,  40.36N 124.41W Depth 16.0 km",
                "net": "NC",
                "magType": "ML",
                "faultType": "",
                "type": "earthquake",
                "title": "Cape Mendocino  Earthquake of 21 Nov 1986",
                "stations": [
                    {
                        "code": "89324",
                        "network": "CE",
                        "status": "Active",
                        "channels": 17,
                        "recorder_type": "V",
                        "numRecorders": 1,
                        "name": "Rio Dell - Hwy 101/Painter St. Overpass",
                        "location": "RioDel-PaintStBr",
                        "longitude": -124.1009,
                        "latitude": 40.5031,
                        "elevation": "43",
                        "type": "Bridge",
                        "Vs30": 312,
                        "siteclass": "D",
                        "record": {
                            "epidist": 30.3,
                            "pgav1": null,
                            "pgav2": 0.432,
                            "pga_str": 0.432,
                            "pgv": 17.98,
                            "pgd": 1.1,
                            "sa03": null,
                            "sa10": null,
                            "sa30": null,
                            "fault_dist": null,
                            "data_availability": {
                                "plot": "true",
                                "processed": "true",
                                "raw": "false"
                            }
                        }
                    }
                ]
            },
            {
                "id": "NC10083966",
                "cesmd_id": "CapeMendocino_31Jul1987",
                "mag": 5.6,
                "longitude": -124.383,
                "latitude": 40.416,
                "depth": 17.6,
                "place": "2.1 mi SE of Cape Mendocino, CA",
                "time": "1987-07-31 23:56:58",
                "state": "CA",
                "country": "US",
                "detail": "5.6ML, 16:56:58 PDT,  40.42N 124.38W Depth 17.6 km",
                "net": "NC",
                "magType": "ML",
                "faultType": "",
                "type": "earthquake",
                "title": "Cape Mendocino  Earthquake of 31 Jul 1987",
                "stations": [
                    {
                        "code": "89324",
                        "network": "CE",
                        "status": "Active",
                        "channels": 17,
                        "recorder_type": "V",
                        "numRecorders": 1,
                        "name": "Rio Dell - Hwy 101/Painter St. Overpass",
                        "location": "RioDel-PaintStBr",
                        "longitude": -124.1009,
                        "latitude": 40.5031,
                        "elevation": "43",
                        "type": "Bridge",
                        "Vs30": 312,
                        "siteclass": "D",
                        "record": {
                            "epidist": 25.8,
                            "pgav1": null,
                            "pgav2": 0.141,
                            "pga_str": 0.335,
                            "pgv": 8.25,
                            "pgd": 0.7,
                            "sa03": null,
                            "sa10": null,
                            "sa30": null,
                            "fault_dist": null,
                            "data_availability": {
                                "plot": "true",
                                "processed": "true",
                                "raw": "false"
                            }
                        }
                    }
                ]
            },
            {
                "id": "NC1100970",
                "cesmd_id": "Eureka_24Aug1983",
                "mag": 5.5,
                "longitude": -124.925,
                "latitude": 40.372,
                "depth": 11.7,
                "place": "48 mi SW of Eureka, CA",
                "time": "1983-08-24 13:36:28",
                "state": "CA",
                "country": "US",
                "detail": "5.5ML, 06:36:28 PDT,  40.37N 124.93W Depth 11.7 km",
                "net": "NC",
                "magType": "ML",
                "faultType": "",
                "type": "earthquake",
                "title": "Eureka  Earthquake of 24 Aug 1983",
                "stations": [
                    {
                        "code": "89324",
                        "network": "CE",
                        "status": "Active",
                        "channels": 17,
                        "recorder_type": "V",
                        "numRecorders": 1,
                        "name": "Rio Dell - Hwy 101/Painter St. Overpass",
                        "location": "RioDel-PaintStBr",
                        "longitude": -124.1009,
                        "latitude": 40.5031,
                        "elevation": "43",
                        "type": "Bridge",
                        "Vs30": 312,
                        "siteclass": "D",
                        "record": {
                            "epidist": 71.4,
                            "pgav1": null,
                            "pgav2": null,
                            "pga_str": 0.265,
                            "pgv": null,
                            "pgd": null,
                            "sa03": null,
                            "sa10": null,
                            "sa30": null,
                            "fault_dist": null,
                            "data_availability": {
                                "plot": "true",
                                "processed": "true",
                                "raw": "false"
                            }
                        }
                    }
                ]
            },
            {
                "id": "us20007z6r",
                "cesmd_id": "ferndaleoffshore_08dec2016_us20007z6r",
                "mag": 6.5,
                "longitude": -126.153,
                "latitude": 40.475,
                "depth": 12.1,
                "place": "160.0 km (99.4 mi) W of Ferndale, CA ",
                "time": "2016-12-08 14:49:46",
                "state": "CA",
                "country": "US",
                "detail": "6.5Mw, 06:49:46 AM PST, 40.48N 126.15W Depth 12.1 km",
                "net": "us",
                "magType": "Mw",
                "faultType": "",
                "type": "earthquake",
                "title": "Ferndale Offshore Area  Earthquake of 08 Dec 2016",
                "stations": [
                    {
                        "code": "89324",
                        "network": "CE",
                        "status": "Active",
                        "channels": 17,
                        "recorder_type": "V",
                        "numRecorders": 1,
                        "name": "Rio Dell - Hwy 101/Painter St. Overpass",
                        "location": "RioDel-PaintStBr",
                        "longitude": -124.1009,
                        "latitude": 40.5031,
                        "elevation": "43",
                        "type": "Bridge",
                        "Vs30": 312,
                        "siteclass": "D",
                        "record": {
                            "epidist": 174,
                            "pgav1": null,
                            "pgav2": null,
                            "pga_str": 0.031,
                            "pgv": null,
                            "pgd": null,
                            "sa03": null,
                            "sa10": null,
                            "sa30": null,
                            "fault_dist": null,
                            "data_availability": {
                                "plot": "true",
                                "processed": "true",
                                "raw": "true"
                            }
                        }
                    }
                ]
            },
            {
                "id": "NC72387946",
                "cesmd_id": "Ferndale_28Jan2015_72387946",
                "mag": 5.7,
                "longitude": -124.6067,
                "latitude": 40.3178,
                "depth": 17.2,
                "place": "40.9km (25.6mi) SW of Ferndale, CA ",
                "time": "2015-01-28 21:08:53",
                "state": "CA",
                "country": "US",
                "detail": "5.7MW, 13:08:53 PM PST, 40.32N 124.61W Depth 17.2 km",
                "net": "NC",
                "magType": "MW",
                "faultType": "ALL",
                "type": "earthquake",
                "title": "Ferndale Earthquake of 28 Jan 2015",
                "stations": [
                    {
                        "code": "89324",
                        "network": "CE",
                        "status": "Active",
                        "channels": 17,
                        "recorder_type": "V",
                        "numRecorders": 1,
                        "name": "Rio Dell - Hwy 101/Painter St. Overpass",
                        "location": "RioDel-PaintStBr",
                        "longitude": -124.1009,
                        "latitude": 40.5031,
                        "elevation": "43",
                        "type": "Bridge",
                        "Vs30": 312,
                        "siteclass": "D",
                        "record": {
                            "epidist": 47.3,
                            "pgav1": null,
                            "pgav2": null,
                            "pga_str": 0.291,
                            "pgv": null,
                            "pgd": null,
                            "sa03": null,
                            "sa10": null,
                            "sa30": null,
                            "fault_dist": null,
                            "data_availability": {
                                "plot": "true",
                                "processed": "true",
                                "raw": "true"
                            }
                        }
                    }
                ]
            },
            {
                "id": "nc73201181",
                "cesmd_id": "nc73201181",
                "mag": 5.6,
                "longitude": -124.3003,
                "latitude": 40.2735,
                "depth": 9.4,
                "place": "6 km (3.8 mi) SSW of Petrolia, CA",
                "time": "2019-06-23 03:53:02",
                "state": "CA",
                "country": "US",
                "detail": "5.6MW, 20:53:02 PDT, 40.2735N 124.3003W Depth 9.4 km",
                "net": "nc",
                "magType": "MW",
                "faultType": "SS",
                "type": "earthquake",
                "title": "Petrolia Earthquake of 22 Jun 2019",
                "stations": [
                    {
                        "code": "89324",
                        "network": "CE",
                        "status": "Active",
                        "channels": 17,
                        "recorder_type": "V",
                        "numRecorders": 1,
                        "name": "Rio Dell - Hwy 101/Painter St. Overpass",
                        "location": "RioDel-PaintStBr",
                        "longitude": -124.1009,
                        "latitude": 40.5031,
                        "elevation": "43",
                        "type": "Bridge",
                        "Vs30": 312,
                        "siteclass": "D",
                        "record": {
                            "epidist": 30.6,
                            "pgav1": 0.112,
                            "pgav2": 0.111,
                            "pga_str": 0.248,
                            "pgv": 7.67,
                            "pgd": 0.8,
                            "sa03": 0.438,
                            "sa10": 0.05,
                            "sa30": 0.005,
                            "fault_dist": null,
                            "data_availability": {
                                "plot": "true",
                                "processed": "true",
                                "raw": "true"
                            }
                        }
                    }
                ]
            },
            {
                "id": "nc73351710",
                "cesmd_id": "nc73351710",
                "mag": 5.8,
                "longitude": -125.0937,
                "latitude": 40.3917,
                "depth": 3.2,
                "place": "69 km (43.125 mi) W of Petrolia, CA",
                "time": "2020-03-09 02:59:08",
                "state": "CA",
                "country": "US",
                "detail": "5.8MW, 19:59:08 PDT, 40.3917N 125.0937W Depth 3.2 km",
                "net": "nc",
                "magType": "MW",
                "faultType": "",
                "type": "earthquake",
                "title": "Petrolia Earthquake of 08 Mar 2020",
                "stations": [
                    {
                        "code": "89324",
                        "network": "CE",
                        "status": "Active",
                        "channels": 17,
                        "recorder_type": "V",
                        "numRecorders": 1,
                        "name": "Rio Dell - Hwy 101/Painter St. Overpass",
                        "location": "RioDel-PaintStBr",
                        "longitude": -124.1009,
                        "latitude": 40.5031,
                        "elevation": "43",
                        "type": "Bridge",
                        "Vs30": 312,
                        "siteclass": "D",
                        "record": {
                            "epidist": 85.1,
                            "pgav1": 0.036,
                            "pgav2": 0.036,
                            "pga_str": 0.055,
                            "pgv": 2.86,
                            "pgd": 0.3,
                            "sa03": 0.083,
                            "sa10": 0.028,
                            "sa30": 0.001,
                            "fault_dist": null,
                            "data_availability": {
                                "plot": "true",
                                "processed": "true",
                                "raw": "true"
                            }
                        }
                    }
                ]
            },
            {
                "id": "nc73666231",
                "cesmd_id": "nc73666231",
                "mag": 6.2,
                "longitude": -124.298,
                "latitude": 40.3902,
                "depth": 27,
                "place": "7 km (4.375 mi) N of Petrolia, CA",
                "time": "2021-12-20 20:10:31",
                "state": "CA",
                "country": "US",
                "detail": "6.2MW, 12:10:31 PST, 40.3902N 124.298W Depth 27.0 km",
                "net": "nc",
                "magType": "MW",
                "faultType": null,
                "type": "earthquake",
                "title": "Petrolia Earthquake of 20 Dec 2021",
                "stations": [
                    {
                        "code": "89324",
                        "network": "CE",
                        "status": "Active",
                        "channels": 17,
                        "recorder_type": "V",
                        "numRecorders": 1,
                        "name": "Rio Dell - Hwy 101/Painter St. Overpass",
                        "location": "RioDel-PaintStBr",
                        "longitude": -124.1009,
                        "latitude": 40.5031,
                        "elevation": "43",
                        "type": "Bridge",
                        "Vs30": 312,
                        "siteclass": "D",
                        "record": {
                            "epidist": 20.9,
                            "pgav1": 0.027,
                            "pgav2": 0.027,
                            "pga_str": 0.031,
                            "pgv": 0.78,
                            "pgd": 0,
                            "sa03": 0.031,
                            "sa10": 0.001,
                            "sa30": 0,
                            "fault_dist": null,
                            "data_availability": {
                                "plot": "true",
                                "processed": "true",
                                "raw": "true"
                            }
                        }
                    }
                ]
            },
            {
                "id": "nc73667866",
                "cesmd_id": "nc73667866",
                "mag": 3.9,
                "longitude": -124.2925,
                "latitude": 40.3752,
                "depth": 21,
                "place": "6 km (3.75 mi) N of Petrolia, CA",
                "time": "2021-12-23 03:28:52",
                "state": "CA",
                "country": "US",
                "detail": "3.9MW, 19:28:52 PST, 40.3752N 124.2925W Depth 21.0 km",
                "net": "nc",
                "magType": "MW",
                "faultType": null,
                "type": "earthquake",
                "title": "Petrolia Earthquake of 22 Dec 2021",
                "stations": [
                    {
                        "code": "89324",
                        "network": "CE",
                        "status": "Active",
                        "channels": 17,
                        "recorder_type": "V",
                        "numRecorders": 1,
                        "name": "Rio Dell - Hwy 101/Painter St. Overpass",
                        "location": "RioDel-PaintStBr",
                        "longitude": -124.1009,
                        "latitude": 40.5031,
                        "elevation": "43",
                        "type": "Bridge",
                        "Vs30": 312,
                        "siteclass": "D",
                        "record": {
                            "epidist": 21.6,
                            "pgav1": 0.028,
                            "pgav2": 0.027,
                            "pga_str": 0.034,
                            "pgv": 0.86,
                            "pgd": 0,
                            "sa03": 0.029,
                            "sa10": 0.001,
                            "sa30": 0,
                            "fault_dist": null,
                            "data_availability": {
                                "plot": "true",
                                "processed": "true",
                                "raw": "true"
                            }
                        }
                    }
                ]
            },
            {
                "id": "nc73714181",
                "cesmd_id": "nc73714181",
                "mag": 4.1,
                "longitude": -124.2102,
                "latitude": 40.4872,
                "depth": 21.4,
                "place": "9 km (5.625 mi) W of Rio Dell, CA",
                "time": "2022-04-04 15:16:46",
                "state": "CA",
                "country": "US",
                "detail": "4.1MW, 08:16:46 PDT, 40.4872N 124.2102W Depth 21.4 km",
                "net": "nc",
                "magType": "MW",
                "faultType": null,
                "type": "earthquake",
                "title": "Rio Dell Earthquake of 04 Apr 2022",
                "stations": [
                    {
                        "code": "89324",
                        "network": "CE",
                        "status": "Active",
                        "channels": 17,
                        "recorder_type": "V",
                        "numRecorders": 1,
                        "name": "Rio Dell - Hwy 101/Painter St. Overpass",
                        "location": "RioDel-PaintStBr",
                        "longitude": -124.1009,
                        "latitude": 40.5031,
                        "elevation": "43",
                        "type": "Bridge",
                        "Vs30": 312,
                        "siteclass": "D",
                        "record": {
                            "epidist": 8.8,
                            "pgav1": 0.034,
                            "pgav2": 0.033,
                            "pga_str": 0.056,
                            "pgv": 1.04,
                            "pgd": 0.1,
                            "sa03": 0.068,
                            "sa10": 0.004,
                            "sa30": 0,
                            "fault_dist": null,
                            "data_availability": {
                                "plot": "true",
                                "processed": "true",
                                "raw": "true"
                            }
                        }
                    }
                ]
            },
            {
                "id": "nc73821036",
                "cesmd_id": "nc73821036",
                "mag": 6.4,
                "longitude": -124.423,
                "latitude": 40.525,
                "depth": 17.9,
                "place": "15 km (9.375 mi) WSW of Ferndale, CA",
                "time": "2022-12-20 10:34:24",
                "state": "CA",
                "country": "US",
                "detail": "6.4MW, 02:34:24 PST, 40.5250N 124.423W Depth 17.9 km",
                "net": "nc",
                "magType": "MW",
                "faultType": null,
                "type": "earthquake",
                "title": "Ferndale Earthquake of 20 Dec 2022",
                "stations": [
                    {
                        "code": "89324",
                        "network": "CE",
                        "status": "Active",
                        "channels": 17,
                        "recorder_type": "V",
                        "numRecorders": 1,
                        "name": "Rio Dell - Hwy 101/Painter St. Overpass",
                        "location": "RioDel-PaintStBr",
                        "longitude": -124.1009,
                        "latitude": 40.5031,
                        "elevation": "43",
                        "type": "Bridge",
                        "Vs30": 312,
                        "siteclass": "D",
                        "record": {
                            "epidist": 27.4,
                            "pgav1": 1.358,
                            "pgav2": 1.353,
                            "pga_str": 1.385,
                            "pgv": 91.33,
                            "pgd": 10.4,
                            "sa03": 3.62,
                            "sa10": 1.015,
                            "sa30": 0.066,
                            "fault_dist": 10.8,
                            "data_availability": {
                                "plot": "true",
                                "processed": "true",
                                "raw": "true"
                            }
                        }
                    }
                ]
            },
            {
                "id": "nc73821046",
                "cesmd_id": "nc73821046",
                "mag": 4.9,
                "longitude": -124.1882,
                "latitude": 40.5228,
                "depth": 26.6,
                "place": "7 km (4.375 mi) WNW of Rio Dell, CA",
                "time": "2022-12-20 10:39:02",
                "state": "CA",
                "country": "US",
                "detail": "4.9MW, 02:39:02 PST, 40.5228N 124.1882W Depth 26.6 km",
                "net": "nc",
                "magType": "MW",
                "faultType": null,
                "type": "earthquake",
                "title": "Rio Dell Earthquake of 20 Dec 2022",
                "stations": [
                    {
                        "code": "89324",
                        "network": "CE",
                        "status": "Active",
                        "channels": 17,
                        "recorder_type": "V",
                        "numRecorders": 1,
                        "name": "Rio Dell - Hwy 101/Painter St. Overpass",
                        "location": "RioDel-PaintStBr",
                        "longitude": -124.1009,
                        "latitude": 40.5031,
                        "elevation": "43",
                        "type": "Bridge",
                        "Vs30": 312,
                        "siteclass": "D",
                        "record": {
                            "epidist": 7.7,
                            "pgav1": 0.143,
                            "pgav2": 0.143,
                            "pga_str": 0.1,
                            "pgv": 3.55,
                            "pgd": 0.2,
                            "sa03": 0.214,
                            "sa10": 0.007,
                            "sa30": 0.001,
                            "fault_dist": null,
                            "data_availability": {
                                "plot": "true",
                                "processed": "true",
                                "raw": "true"
                            }
                        }
                    }
                ]
            },
            {
                "id": "nc73821636",
                "cesmd_id": "nc73821636",
                "mag": 4,
                "longitude": -124.0688,
                "latitude": 40.6005,
                "depth": 22.5,
                "place": "6 km (3.75 mi) NNE of Hydesville, CA",
                "time": "2022-12-20 15:09:05",
                "state": "CA",
                "country": "US",
                "detail": "4.0MW, 07:09:05 PST, 40.6005N 124.0688W Depth 22.5 km",
                "net": "nc",
                "magType": "MW",
                "faultType": null,
                "type": "earthquake",
                "title": "Hydesville Earthquake of 20 Dec 2022",
                "stations": [
                    {
                        "code": "89324",
                        "network": "CE",
                        "status": "Active",
                        "channels": 17,
                        "recorder_type": "V",
                        "numRecorders": 1,
                        "name": "Rio Dell - Hwy 101/Painter St. Overpass",
                        "location": "RioDel-PaintStBr",
                        "longitude": -124.1009,
                        "latitude": 40.5031,
                        "elevation": "43",
                        "type": "Bridge",
                        "Vs30": 312,
                        "siteclass": "D",
                        "record": {
                            "epidist": 11.1,
                            "pgav1": 0.026,
                            "pgav2": 0.026,
                            "pga_str": 0.052,
                            "pgv": 0.88,
                            "pgd": 0.1,
                            "sa03": 0.045,
                            "sa10": 0.002,
                            "sa30": 0,
                            "fault_dist": null,
                            "data_availability": {
                                "plot": "true",
                                "processed": "true",
                                "raw": "true"
                            }
                        }
                    }
                ]
            },
            {
                "id": "nc73827571",
                "cesmd_id": "nc73827571",
                "mag": 5.3,
                "longitude": -123.971,
                "latitude": 40.409,
                "depth": 30.6,
                "place": "15 km (9.375 mi) SE of Rio Dell, CA",
                "time": "2023-01-01 18:35:04",
                "state": "CA",
                "country": "US",
                "detail": "5.3MW, 10:35:04 PST, 40.4090N 123.971W Depth 30.6 km",
                "net": "nc",
                "magType": "MW",
                "faultType": null,
                "type": "earthquake",
                "title": "Rio Dell Earthquake of 01 Jan 2023",
                "stations": [
                    {
                        "code": "89324",
                        "network": "CE",
                        "status": "Active",
                        "channels": 17,
                        "recorder_type": "V",
                        "numRecorders": 1,
                        "name": "Rio Dell - Hwy 101/Painter St. Overpass",
                        "location": "RioDel-PaintStBr",
                        "longitude": -124.1009,
                        "latitude": 40.5031,
                        "elevation": "43",
                        "type": "Bridge",
                        "Vs30": 312,
                        "siteclass": "D",
                        "record": {
                            "epidist": 15.2,
                            "pgav1": 1.048,
                            "pgav2": 1.022,
                            "pga_str": 1.033,
                            "pgv": 66.16,
                            "pgd": 6.7,
                            "sa03": 2.282,
                            "sa10": 0.405,
                            "sa30": 0.033,
                            "fault_dist": null,
                            "data_availability": {
                                "plot": "true",
                                "processed": "true",
                                "raw": "true"
                            }
                        }
                    }
                ]
            },
            {
                "id": "nc73890906",
                "cesmd_id": "nc73890906",
                "mag": 5.6,
                "longitude": -125.5628,
                "latitude": 40.3775,
                "depth": 10,
                "place": "108 km (67.5 mi) W of Petrolia, CA",
                "time": "2023-05-21 18:44:01",
                "state": "CA",
                "country": "US",
                "detail": "5.6MW, 11:44:01 PDT, 40.3775N 125.5628W Depth 10.0 km",
                "net": "nc",
                "magType": "MW",
                "faultType": null,
                "type": "earthquake",
                "title": "Petrolia Earthquake of 21 May 2023",
                "stations": [
                    {
                        "code": "89324",
                        "network": "CE",
                        "status": "Active",
                        "channels": 17,
                        "recorder_type": "V",
                        "numRecorders": 1,
                        "name": "Rio Dell - Hwy 101/Painter St. Overpass",
                        "location": "RioDel-PaintStBr",
                        "longitude": -124.1009,
                        "latitude": 40.5031,
                        "elevation": "43",
                        "type": "Bridge",
                        "Vs30": 312,
                        "siteclass": "D",
                        "record": {
                            "epidist": 124.8,
                            "pgav1": 0.019,
                            "pgav2": 0.019,
                            "pga_str": 0.034,
                            "pgv": 1.29,
                            "pgd": 0.1,
                            "sa03": 0.052,
                            "sa10": 0.013,
                            "sa30": 0.001,
                            "fault_dist": null,
                            "data_availability": {
                                "plot": "true",
                                "processed": "true",
                                "raw": "true"
                            }
                        }
                    }
                ]
            },
            {
                "id": "NC228027",
                "cesmd_id": "Petrolia91",
                "mag": 6,
                "longitude": -124.286,
                "latitude": 40.252,
                "depth": 8.3,
                "place": "Petrolia, CA",
                "time": "1991-08-17 19:29:40",
                "state": "CA",
                "country": "US",
                "detail": "6.0 ML, 12:29:40 PM PDT,  40.252N 124.286W Depth  8.3 km",
                "net": "NC",
                "magType": "Mw",
                "faultType": "",
                "type": "earthquake",
                "title": "Petrolia Earthquake of 17 Aug 1991",
                "stations": [
                    {
                        "code": "89324",
                        "network": "CE",
                        "status": "Active",
                        "channels": 17,
                        "recorder_type": "V",
                        "numRecorders": 1,
                        "name": "Rio Dell - Hwy 101/Painter St. Overpass",
                        "location": "RioDel-PaintStBr",
                        "longitude": -124.1009,
                        "latitude": 40.5031,
                        "elevation": "43",
                        "type": "Bridge",
                        "Vs30": 312,
                        "siteclass": "D",
                        "record": {
                            "epidist": 37,
                            "pgav1": 0.08,
                            "pgav2": null,
                            "pga_str": 0.2,
                            "pgv": null,
                            "pgd": null,
                            "sa03": null,
                            "sa10": null,
                            "sa30": null,
                            "fault_dist": null,
                            "data_availability": {
                                "plot": "true",
                                "processed": "true",
                                "raw": "false"
                            }
                        }
                    }
                ]
            },
            {
                "id": "NC268031",
                "cesmd_id": "PetroliaAftershock1_26Apr1992",
                "mag": 6.5,
                "longitude": -124.566,
                "latitude": 40.433,
                "depth": 19.6,
                "place": "16.8 mi NW of Petrolia, CA",
                "time": "1992-04-26 07:41:40",
                "state": "CA",
                "country": "US",
                "detail": "6.5ML, 12:41:40 PDT,  40.43N 124.57W Depth 19.6 km",
                "net": "NC",
                "magType": "ML",
                "faultType": "",
                "type": "earthquake",
                "title": "Petrolia Aftershock 1 of 26 Apr 1992",
                "stations": [
                    {
                        "code": "89324",
                        "network": "CE",
                        "status": "Active",
                        "channels": 17,
                        "recorder_type": "V",
                        "numRecorders": 1,
                        "name": "Rio Dell - Hwy 101/Painter St. Overpass",
                        "location": "RioDel-PaintStBr",
                        "longitude": -124.1009,
                        "latitude": 40.5031,
                        "elevation": "43",
                        "type": "Bridge",
                        "Vs30": 312,
                        "siteclass": "D",
                        "record": {
                            "epidist": 40.2,
                            "pgav1": null,
                            "pgav2": 0.515,
                            "pga_str": 0.828,
                            "pgv": 45.16,
                            "pgd": 6.7,
                            "sa03": null,
                            "sa10": null,
                            "sa30": null,
                            "fault_dist": null,
                            "data_availability": {
                                "plot": "true",
                                "processed": "true",
                                "raw": "false"
                            }
                        }
                    }
                ]
            },
            {
                "id": "NC268078",
                "cesmd_id": "PetroliaAftershock2_26Apr1992",
                "mag": 6.6,
                "longitude": -124.555,
                "latitude": 40.383,
                "depth": 22.6,
                "place": "15.0 mi WNW of Petrolia, CA",
                "time": "1992-04-26 11:18:26",
                "state": "CA",
                "country": "US",
                "detail": "6.6ML, 04:18:26 PDT,  40.38N 124.56W Depth 22.6 km",
                "net": "NC",
                "magType": "ML",
                "faultType": "",
                "type": "earthquake",
                "title": "Petrolia Aftershock 2 of 26 Apr 1992",
                "stations": [
                    {
                        "code": "89324",
                        "network": "CE",
                        "status": "Active",
                        "channels": 17,
                        "recorder_type": "V",
                        "numRecorders": 1,
                        "name": "Rio Dell - Hwy 101/Painter St. Overpass",
                        "location": "RioDel-PaintStBr",
                        "longitude": -124.1009,
                        "latitude": 40.5031,
                        "elevation": "43",
                        "type": "Bridge",
                        "Vs30": 312,
                        "siteclass": "D",
                        "record": {
                            "epidist": 40.8,
                            "pgav1": null,
                            "pgav2": 0.262,
                            "pga_str": 0.39,
                            "pgv": 32.41,
                            "pgd": 6.5,
                            "sa03": null,
                            "sa10": null,
                            "sa30": null,
                            "fault_dist": null,
                            "data_availability": {
                                "plot": "true",
                                "processed": "true",
                                "raw": "false"
                            }
                        }
                    }
                ]
            },
            {
                "id": "NC72733405",
                "cesmd_id": "petrolia_05dec2016_72733405",
                "mag": 4.3,
                "longitude": -124.386,
                "latitude": 40.2785,
                "depth": 22.1,
                "place": "10.0km (6.3mi) WSW of Petrolia, CA ",
                "time": "2016-12-05 18:33:15",
                "state": "CA",
                "country": "US",
                "detail": "4.3MW, 10:33:15 AM PST, 40.28N 124.39W Depth 22.1 km",
                "net": "NC",
                "magType": "MW",
                "faultType": "RS",
                "type": "earthquake",
                "title": "Petrolia Earthquake of 05 Dec 2016",
                "stations": [
                    {
                        "code": "89324",
                        "network": "CE",
                        "status": "Active",
                        "channels": 17,
                        "recorder_type": "V",
                        "numRecorders": 1,
                        "name": "Rio Dell - Hwy 101/Painter St. Overpass",
                        "location": "RioDel-PaintStBr",
                        "longitude": -124.1009,
                        "latitude": 40.5031,
                        "elevation": "43",
                        "type": "Bridge",
                        "Vs30": 312,
                        "siteclass": "D",
                        "record": {
                            "epidist": 33.8,
                            "pgav1": null,
                            "pgav2": null,
                            "pga_str": 0.169,
                            "pgv": null,
                            "pgd": null,
                            "sa03": null,
                            "sa10": null,
                            "sa30": null,
                            "fault_dist": null,
                            "data_availability": {
                                "plot": "true",
                                "processed": "true",
                                "raw": "true"
                            }
                        }
                    }
                ]
            },
            {
                "id": "NC269151",
                "cesmd_id": "Petrolia_25Apr1992",
                "mag": 7.1,
                "longitude": -124.23,
                "latitude": 40.38,
                "depth": 15,
                "place": "Petrolia, CA",
                "time": "1992-04-25 18:06:05",
                "state": "CA",
                "country": "US",
                "detail": "7.1 ML, 11:06:05 PDT,  40.38N 124.23W Depth 15.0 km",
                "net": "NC",
                "magType": "Ml",
                "faultType": "",
                "type": "earthquake",
                "title": "Petrolia Earthquake of 25 Apr 1992",
                "stations": [
                    {
                        "code": "89324",
                        "network": "CE",
                        "status": "Active",
                        "channels": 17,
                        "recorder_type": "V",
                        "numRecorders": 1,
                        "name": "Rio Dell - Hwy 101/Painter St. Overpass",
                        "location": "RioDel-PaintStBr",
                        "longitude": -124.1009,
                        "latitude": 40.5031,
                        "elevation": "43",
                        "type": "Bridge",
                        "Vs30": 312,
                        "siteclass": "D",
                        "record": {
                            "epidist": 17.6,
                            "pgav1": 0.556,
                            "pgav2": 0.55,
                            "pga_str": 1.338,
                            "pgv": 44.72,
                            "pgd": 17.8,
                            "sa03": 1.473,
                            "sa10": 0.52,
                            "sa30": 0.057,
                            "fault_dist": null,
                            "data_availability": {
                                "plot": "true",
                                "processed": "true",
                                "raw": "false"
                            }
                        }
                    }
                ]
            },
            {
                "id": "NC1083151",
                "cesmd_id": "RioDell82",
                "mag": 4.4,
                "longitude": -124.143,
                "latitude": 40.469,
                "depth": 10.8,
                "place": "Rio Dell, CA",
                "time": "1982-12-16 06:53:00",
                "state": "CA",
                "country": "US",
                "detail": "4.4 ML, 22:53:00 PST,  40.47N 124.14W Depth  10.8 km",
                "net": "NC",
                "magType": "Ml",
                "faultType": "",
                "type": "earthquake",
                "title": "Rio Dell Earthquake of 15 Dec 1982",
                "stations": [
                    {
                        "code": "89324",
                        "network": "CE",
                        "status": "Active",
                        "channels": 17,
                        "recorder_type": "V",
                        "numRecorders": 1,
                        "name": "Rio Dell - Hwy 101/Painter St. Overpass",
                        "location": "RioDel-PaintStBr",
                        "longitude": -124.1009,
                        "latitude": 40.5031,
                        "elevation": "43",
                        "type": "Bridge",
                        "Vs30": 312,
                        "siteclass": "D",
                        "record": {
                            "epidist": 15.2,
                            "pgav1": null,
                            "pgav2": null,
                            "pga_str": 0.593,
                            "pgv": null,
                            "pgd": null,
                            "sa03": null,
                            "sa10": null,
                            "sa30": null,
                            "fault_dist": null,
                            "data_availability": {
                                "plot": "true",
                                "processed": "true",
                                "raw": "false"
                            }
                        }
                    }
                ]
            },
            {
                "id": "NC71842075",
                "cesmd_id": "riodell_14sep2012_71842075",
                "mag": 4.4,
                "longitude": -124.186,
                "latitude": 40.443,
                "depth": 27.2,
                "place": "9.2 km (5.7 mi) SW of Rio Dell, CA ",
                "time": "2012-09-14 11:53:17",
                "state": "CA",
                "country": "US",
                "detail": "4.4ML, 04:53:17 AM PDT, 40.44N 124.19W Depth 27.2 km",
                "net": "NC",
                "magType": "ML",
                "faultType": "SS",
                "type": "earthquake",
                "title": "Rio Dell Earthquake of 14 Sep 2012",
                "stations": [
                    {
                        "code": "89324",
                        "network": "CE",
                        "status": "Active",
                        "channels": 17,
                        "recorder_type": "V",
                        "numRecorders": 1,
                        "name": "Rio Dell - Hwy 101/Painter St. Overpass",
                        "location": "RioDel-PaintStBr",
                        "longitude": -124.1009,
                        "latitude": 40.5031,
                        "elevation": "43",
                        "type": "Bridge",
                        "Vs30": 312,
                        "siteclass": "D",
                        "record": {
                            "epidist": 8.6,
                            "pgav1": null,
                            "pgav2": null,
                            "pga_str": 0.224,
                            "pgv": null,
                            "pgd": null,
                            "sa03": null,
                            "sa10": null,
                            "sa30": null,
                            "fault_dist": null,
                            "data_availability": {
                                "plot": "false",
                                "processed": "true",
                                "raw": "true"
                            }
                        }
                    }
                ]
            },
            {
                "id": "NC71842255",
                "cesmd_id": "riodell_14sep2012_71842255",
                "mag": 4,
                "longitude": -124.154,
                "latitude": 40.434,
                "depth": 24.3,
                "place": "8.3 km (5.1 mi) SSW of Rio Dell, CA ",
                "time": "2012-09-14 18:19:51",
                "state": "CA",
                "country": "US",
                "detail": "4.0ML, 11:19:51 AM PDT, 40.43N 124.15W Depth 24.3 km",
                "net": "NC",
                "magType": "ML",
                "faultType": "SS",
                "type": "earthquake",
                "title": "Rio Dell Earthquake of 14 Sep 2012",
                "stations": [
                    {
                        "code": "89324",
                        "network": "CE",
                        "status": "Active",
                        "channels": 17,
                        "recorder_type": "V",
                        "numRecorders": 1,
                        "name": "Rio Dell - Hwy 101/Painter St. Overpass",
                        "location": "RioDel-PaintStBr",
                        "longitude": -124.1009,
                        "latitude": 40.5031,
                        "elevation": "43",
                        "type": "Bridge",
                        "Vs30": 312,
                        "siteclass": "D",
                        "record": {
                            "epidist": 8.9,
                            "pgav1": null,
                            "pgav2": null,
                            "pga_str": 0.074,
                            "pgv": null,
                            "pgd": null,
                            "sa03": null,
                            "sa10": null,
                            "sa30": null,
                            "fault_dist": null,
                            "data_availability": {
                                "plot": "false",
                                "processed": "true",
                                "raw": "true"
                            }
                        }
                    }
                ]
            },
            {
                "id": "NC72330211",
                "cesmd_id": "RioDell_19Oct2014_72330211",
                "mag": 4.2,
                "longitude": -124.361,
                "latitude": 40.278,
                "depth": 22.4,
                "place": "32.8 km (20.4 mi) SW of Rio Dell, CA ",
                "time": "2014-10-19 14:24:05",
                "state": "CA",
                "country": "US",
                "detail": "4.2ML, 07:24:04 AM PDT, 40.28N 124.36W Depth 22.4 km",
                "net": "NC",
                "magType": "ML",
                "faultType": "RS",
                "type": "earthquake",
                "title": "Rio Dell Earthquake of 19 Oct 2014",
                "stations": [
                    {
                        "code": "89324",
                        "network": "CE",
                        "status": "Active",
                        "channels": 17,
                        "recorder_type": "V",
                        "numRecorders": 1,
                        "name": "Rio Dell - Hwy 101/Painter St. Overpass",
                        "location": "RioDel-PaintStBr",
                        "longitude": -124.1009,
                        "latitude": 40.5031,
                        "elevation": "43",
                        "type": "Bridge",
                        "Vs30": 312,
                        "siteclass": "D",
                        "record": {
                            "epidist": 33.3,
                            "pgav1": null,
                            "pgav2": null,
                            "pga_str": 0.062,
                            "pgv": null,
                            "pgd": null,
                            "sa03": null,
                            "sa10": null,
                            "sa30": null,
                            "fault_dist": null,
                            "data_availability": {
                                "plot": "true",
                                "processed": "true",
                                "raw": "true"
                            }
                        }
                    }
                ]
            },
            {
                "id": "USp0001aq1",
                "cesmd_id": "Trinidad-Offshore_08Nov1980",
                "mag": 7.2,
                "longitude": -124.253,
                "latitude": 41.117,
                "depth": 19,
                "place": "Trinidad Offshore, CA",
                "time": "1980-11-08 10:27:00",
                "state": "CA",
                "country": "US",
                "detail": "6.9 ML, 02:27:00 PST,  41.12N 124.25W Depth 19.0 km",
                "net": "US",
                "magType": "Mw",
                "faultType": "",
                "type": "earthquake",
                "title": "Trinidad Offshore Earthquake of 08 Nov 1980",
                "stations": [
                    {
                        "code": "89324",
                        "network": "CE",
                        "status": "Active",
                        "channels": 17,
                        "recorder_type": "V",
                        "numRecorders": 1,
                        "name": "Rio Dell - Hwy 101/Painter St. Overpass",
                        "location": "RioDel-PaintStBr",
                        "longitude": -124.1009,
                        "latitude": 40.5031,
                        "elevation": "43",
                        "type": "Bridge",
                        "Vs30": 312,
                        "siteclass": "D",
                        "record": {
                            "epidist": 128.1,
                            "pgav1": 0.147,
                            "pgav2": 0.147,
                            "pga_str": 0.333,
                            "pgv": 8.4,
                            "pgd": 4.1,
                            "sa03": 0.336,
                            "sa10": 0.115,
                            "sa30": 0.018,
                            "fault_dist": null,
                            "data_availability": {
                                "plot": "true",
                                "processed": "true",
                                "raw": "false"
                            }
                        }
                    }
                ]
            }
        ]
    }
}